﻿2013051201,张三,Java GUI程序设计,87
2013051203,张三,可视化程序设计,81
2013051205,张三,Java语言程序设计,90
2013051207,李四,Java GUI程序设计,91
2013051209,李四,可视化程序设计,88
2013051211,李四,Java语言程序设计,93
2013051213,王五,Java GUI程序设计,90
2013051215,王五,可视化程序设计,90
2013051217,王五,Java语言程序设计,91
2013051219,马六,Java GUI程序设计,92
2013051221,马六,可视化程序设计,91
2013051223,马六,Java语言程序设计,90
